method,seed,source_order,eval_task,report_task,split,nll,acc,acc_pct,ece,ece_pct,brier,infer_time_sec,infer_peak_alloc_gb,infer_peak_reserved_gb,train_time_sec,command_wall_time_sec,mc_samples,ensemble_members,ensemble_member_seeds,mc_std,tfb_beta
base,0,base,scienceqa_closedchoice_grade2_11,iid,test,0.4717,0.7833,78.33,0.0415,4.15,0.2948,10.73,14.57,16.37,,37.65,,,,,
base,0,base,scienceqa_closedchoice_grade12,grade12,ood,0.6157,0.7258,72.58,0.1073,10.73,0.3814,2.0,14.55,16.37,,37.65,,,,,
base,0,base,obqa,obqa,ood,0.6098,0.784,78.4,0.0733,7.33,0.3111,2.15,14.36,15.73,,37.65,,,,,
base,0,base,arc-c,arc-c,ood,0.3496,0.884,88.4,0.0605,6.05,0.1731,7.34,14.57,16.56,,37.65,,,,,
base,0,base,mmlu_science_high,mmlu_science_high,ood,0.5893,0.7861,78.61,0.044500000000000005,4.45,0.3011,5.57,14.8,17.96,,37.65,,,,,
base,0,base,mmlu_science_college,mmlu_science_college,ood,0.7707,0.6792,67.92,0.0814,8.14,0.4004,2.72,14.74,17.96,,37.65,,,,,
base,0,base,gpqa_main,gpqa_main,ood,1.6328,0.3147,31.47,0.24489999999999998,24.49,0.8439,7.14,15.15,19.4,,37.65,,,,,
blob_mean_order,0,order,scienceqa_closedchoice_grade2_11,iid,test,0.1465,0.9331,93.31,0.01,1.0,0.0889,13.26,14.57,21.89,349.33,955.6334664880014,0.0,,,,
blob_samp_order,0,order,scienceqa_closedchoice_grade2_11,iid,test,0.1462,0.9317,93.17,0.0123,1.23,0.0891,143.21,14.59,16.45,349.33,955.6334664880014,10.0,,,,
blob_mean_order,0,order,scienceqa_closedchoice_grade12,grade12,ood,0.2885,0.8870999999999999,88.71,0.0604,6.04,0.1632,2.49,14.56,16.45,349.33,955.6334664880014,0.0,,,,
blob_samp_order,0,order,scienceqa_closedchoice_grade12,grade12,ood,0.2871,0.8839,88.39,0.059699999999999996,5.97,0.1631,27.79,14.57,15.84,349.33,955.6334664880014,10.0,,,,
blob_mean_order,0,order,obqa,obqa,ood,0.356,0.882,88.2,0.0256,2.56,0.1698,2.95,14.38,15.84,349.33,955.6334664880014,0.0,,,,
blob_samp_order,0,order,obqa,obqa,ood,0.3534,0.878,87.8,0.0308,3.08,0.1688,31.87,14.39,15.23,349.33,955.6334664880014,10.0,,,,
blob_mean_order,0,order,arc-c,arc-c,ood,0.2528,0.9181,91.81,0.038900000000000004,3.89,0.1236,10.3,14.57,16.62,349.33,955.6334664880014,0.0,,,,
blob_samp_order,0,order,arc-c,arc-c,ood,0.2527,0.9164,91.64,0.036699999999999997,3.67,0.1238,103.56,14.59,16.68,349.33,955.6334664880014,10.0,,,,
blob_mean_order,0,order,mmlu_science_high,mmlu_science_high,ood,0.5472,0.8208,82.08,0.0622,6.22,0.2565,7.42,14.79,18.03,349.33,955.6334664880014,0.0,,,,
blob_samp_order,0,order,mmlu_science_high,mmlu_science_high,ood,0.5451,0.8238,82.38,0.0611,6.11,0.2552,79.06,14.81,18.1,349.33,955.6334664880014,10.0,,,,
blob_mean_order,0,order,mmlu_science_college,mmlu_science_college,ood,0.7841,0.7456999999999999,74.57,0.0993,9.93,0.3658,3.81,14.74,18.1,349.33,955.6334664880014,0.0,,,,
blob_samp_order,0,order,mmlu_science_college,mmlu_science_college,ood,0.7837,0.7514,75.14,0.0866,8.66,0.3664,40.38,14.76,16.6,349.33,955.6334664880014,10.0,,,,
blob_mean_order,0,order,gpqa_main,gpqa_main,ood,1.5986,0.34600000000000003,34.6,0.21969999999999998,21.97,0.7941,9.69,15.11,19.49,349.33,955.6334664880014,0.0,,,,
blob_samp_order,0,order,gpqa_main,gpqa_main,ood,1.5947,0.3482,34.82,0.2125,21.25,0.792,105.7,15.14,19.64,349.33,955.6334664880014,10.0,,,,
blob_mean_order,1,order,scienceqa_closedchoice_grade2_11,iid,test,0.1499,0.9317,93.17,0.018600000000000002,1.86,0.0905,10.03,14.57,21.75,303.42,778.0302730300027,0.0,,,,
blob_samp_order,1,order,scienceqa_closedchoice_grade2_11,iid,test,0.149,0.9320999999999999,93.21,0.016,1.6,0.0903,107.21,14.59,16.44,303.42,778.0302730300027,10.0,,,,
blob_mean_order,1,order,scienceqa_closedchoice_grade12,grade12,ood,0.2714,0.8968,89.68,0.057,5.7,0.1432,2.01,14.56,16.44,303.42,778.0302730300027,0.0,,,,
blob_samp_order,1,order,scienceqa_closedchoice_grade12,grade12,ood,0.2721,0.8968,89.68,0.0493,4.93,0.1434,21.48,14.57,15.84,303.42,778.0302730300027,10.0,,,,
blob_mean_order,1,order,obqa,obqa,ood,0.363,0.878,87.8,0.031400000000000004,3.14,0.1765,2.21,14.38,15.84,303.42,778.0302730300027,0.0,,,,
blob_samp_order,1,order,obqa,obqa,ood,0.3597,0.882,88.2,0.0308,3.08,0.1756,23.71,14.39,15.22,303.42,778.0302730300027,10.0,,,,
blob_mean_order,1,order,arc-c,arc-c,ood,0.2666,0.9147,91.47,0.039900000000000005,3.99,0.1279,7.27,14.57,16.61,303.42,778.0302730300027,0.0,,,,
blob_samp_order,1,order,arc-c,arc-c,ood,0.2652,0.9164,91.64,0.042199999999999994,4.22,0.1275,77.83,14.59,16.67,303.42,778.0302730300027,10.0,,,,
blob_mean_order,1,order,mmlu_science_high,mmlu_science_high,ood,0.5528,0.8162999999999999,81.63,0.0694,6.94,0.2583,5.35,14.79,18.03,303.42,778.0302730300027,0.0,,,,
blob_samp_order,1,order,mmlu_science_high,mmlu_science_high,ood,0.5516,0.8178,81.78,0.065,6.5,0.2582,57.2,14.81,18.1,303.42,778.0302730300027,10.0,,,,
blob_mean_order,1,order,mmlu_science_college,mmlu_science_college,ood,0.7909,0.7341,73.41,0.07980000000000001,7.98,0.3704,2.75,14.74,18.1,303.42,778.0302730300027,0.0,,,,
blob_samp_order,1,order,mmlu_science_college,mmlu_science_college,ood,0.7918,0.737,73.7,0.09140000000000001,9.14,0.3699,29.35,14.76,16.6,303.42,778.0302730300027,10.0,,,,
blob_mean_order,1,order,gpqa_main,gpqa_main,ood,1.6123,0.3527,35.27,0.2241,22.41,0.7943,7.15,15.11,19.49,303.42,778.0302730300027,0.0,,,,
blob_samp_order,1,order,gpqa_main,gpqa_main,ood,1.6077,0.3482,34.82,0.2212,22.12,0.7916,77.82,15.14,19.64,303.42,778.0302730300027,10.0,,,,
blob_mean_order,2,order,scienceqa_closedchoice_grade2_11,iid,test,0.1409,0.9301999999999999,93.02,0.0123,1.23,0.0878,9.97,14.57,21.75,307.52,763.4364026559924,0.0,,,,
blob_samp_order,2,order,scienceqa_closedchoice_grade2_11,iid,test,0.1407,0.9301999999999999,93.02,0.0169,1.69,0.0877,107.27,14.59,16.44,307.52,763.4364026559924,10.0,,,,
blob_mean_order,2,order,scienceqa_closedchoice_grade12,grade12,ood,0.2441,0.9065000000000001,90.65,0.045700000000000005,4.57,0.1331,2.01,14.56,16.44,307.52,763.4364026559924,0.0,,,,
blob_samp_order,2,order,scienceqa_closedchoice_grade12,grade12,ood,0.2443,0.9097,90.97,0.038599999999999995,3.86,0.1326,21.48,14.57,15.84,307.52,763.4364026559924,10.0,,,,
blob_mean_order,2,order,obqa,obqa,ood,0.3614,0.8859999999999999,88.6,0.0242,2.42,0.1707,2.22,14.38,15.84,307.52,763.4364026559924,0.0,,,,
blob_samp_order,2,order,obqa,obqa,ood,0.3594,0.8859999999999999,88.6,0.026000000000000002,2.6,0.1702,23.65,14.39,15.22,307.52,763.4364026559924,10.0,,,,
blob_mean_order,2,order,arc-c,arc-c,ood,0.2546,0.9181,91.81,0.038599999999999995,3.86,0.1225,7.26,14.57,16.61,307.52,763.4364026559924,0.0,,,,
blob_samp_order,2,order,arc-c,arc-c,ood,0.2535,0.9189,91.89,0.0378,3.78,0.1224,77.87,14.59,16.67,307.52,763.4364026559924,10.0,,,,
blob_mean_order,2,order,mmlu_science_high,mmlu_science_high,ood,0.5438,0.8283,82.83,0.0584,5.84,0.2524,5.37,14.79,18.03,307.52,763.4364026559924,0.0,,,,
blob_samp_order,2,order,mmlu_science_high,mmlu_science_high,ood,0.5424,0.8253,82.53,0.061,6.1,0.2529,57.45,14.81,18.1,307.52,763.4364026559924,10.0,,,,
blob_mean_order,2,order,mmlu_science_college,mmlu_science_college,ood,0.7821,0.7399,73.99,0.0747,7.47,0.3682,2.74,14.74,18.1,307.52,763.4364026559924,0.0,,,,
blob_samp_order,2,order,mmlu_science_college,mmlu_science_college,ood,0.7773,0.7456999999999999,74.57,0.0741,7.41,0.3663,29.63,14.76,16.6,307.52,763.4364026559924,10.0,,,,
blob_mean_order,2,order,gpqa_main,gpqa_main,ood,1.5828,0.34600000000000003,34.6,0.2075,20.75,0.7894,7.17,15.11,19.49,307.52,763.4364026559924,0.0,,,,
blob_samp_order,2,order,gpqa_main,gpqa_main,ood,1.5798,0.3371,33.71,0.2155,21.55,0.7878,78.43,15.14,19.64,307.52,763.4364026559924,10.0,,,,
blob_mean_order,3,order,scienceqa_closedchoice_grade2_11,iid,test,0.1539,0.9283,92.83,0.020099999999999996,2.01,0.0924,9.94,14.57,21.76,308.2,780.5211855149973,0.0,,,,
blob_samp_order,3,order,scienceqa_closedchoice_grade2_11,iid,test,0.1541,0.9301999999999999,93.02,0.0169,1.69,0.0923,106.87,14.59,16.44,308.2,780.5211855149973,10.0,,,,
blob_mean_order,3,order,scienceqa_closedchoice_grade12,grade12,ood,0.2821,0.9031999999999999,90.32,0.052300000000000006,5.23,0.1536,2.02,14.56,16.44,308.2,780.5211855149973,0.0,,,,
blob_samp_order,3,order,scienceqa_closedchoice_grade12,grade12,ood,0.2813,0.9065000000000001,90.65,0.0508,5.08,0.1541,21.38,14.57,15.84,308.2,780.5211855149973,10.0,,,,
blob_mean_order,3,order,obqa,obqa,ood,0.3576,0.884,88.4,0.0374,3.74,0.1702,2.21,14.38,15.84,308.2,780.5211855149973,0.0,,,,
blob_samp_order,3,order,obqa,obqa,ood,0.3571,0.88,88.0,0.042699999999999995,4.27,0.1693,23.58,14.39,15.22,308.2,780.5211855149973,10.0,,,,
blob_mean_order,3,order,arc-c,arc-c,ood,0.2716,0.9129999999999999,91.3,0.045899999999999996,4.59,0.1312,7.27,14.57,16.61,308.2,780.5211855149973,0.0,,,,
blob_samp_order,3,order,arc-c,arc-c,ood,0.2689,0.9120999999999999,91.21,0.0434,4.34,0.13,82.55,14.59,16.67,308.2,780.5211855149973,10.0,,,,
blob_mean_order,3,order,mmlu_science_high,mmlu_science_high,ood,0.5729,0.8208,82.08,0.0653,6.53,0.26,5.74,14.79,18.03,308.2,780.5211855149973,0.0,,,,
blob_samp_order,3,order,mmlu_science_high,mmlu_science_high,ood,0.5734,0.8117,81.17,0.0728,7.28,0.2608,61.08,14.81,18.1,308.2,780.5211855149973,10.0,,,,
blob_mean_order,3,order,mmlu_science_college,mmlu_science_college,ood,0.8064,0.7428,74.28,0.0908,9.08,0.3666,2.98,14.74,18.1,308.2,780.5211855149973,0.0,,,,
blob_samp_order,3,order,mmlu_science_college,mmlu_science_college,ood,0.8037,0.7514,75.14,0.0836,8.36,0.3654,31.54,14.76,16.6,308.2,780.5211855149973,10.0,,,,
blob_mean_order,3,order,gpqa_main,gpqa_main,ood,1.6171,0.3527,35.27,0.2143,21.43,0.7938,7.67,15.11,19.49,308.2,780.5211855149973,0.0,,,,
blob_samp_order,3,order,gpqa_main,gpqa_main,ood,1.6174,0.3527,35.27,0.2161,21.61,0.793,84.11,15.14,19.64,308.2,780.5211855149973,10.0,,,,
blob_mean_order,4,order,scienceqa_closedchoice_grade2_11,iid,test,0.1472,0.9320999999999999,93.21,0.016200000000000003,1.62,0.09,11.12,14.57,21.96,346.33,1013.0661008710013,0.0,,,,
blob_samp_order,4,order,scienceqa_closedchoice_grade2_11,iid,test,0.1473,0.9301999999999999,93.02,0.014499999999999999,1.45,0.0898,118.71,14.59,16.44,346.33,1013.0661008710013,10.0,,,,
blob_mean_order,4,order,scienceqa_closedchoice_grade12,grade12,ood,0.2635,0.9065000000000001,90.65,0.0493,4.93,0.1473,2.22,14.56,16.44,346.33,1013.0661008710013,0.0,,,,
blob_samp_order,4,order,scienceqa_closedchoice_grade12,grade12,ood,0.2633,0.9031999999999999,90.32,0.0466,4.66,0.1466,23.82,14.58,15.84,346.33,1013.0661008710013,10.0,,,,
blob_mean_order,4,order,obqa,obqa,ood,0.3378,0.89,89.0,0.0403,4.03,0.1609,2.43,14.38,15.84,346.33,1013.0661008710013,0.0,,,,
blob_samp_order,4,order,obqa,obqa,ood,0.3369,0.8959999999999999,89.6,0.0325,3.25,0.1609,26.31,14.39,15.22,346.33,1013.0661008710013,10.0,,,,
blob_mean_order,4,order,arc-c,arc-c,ood,0.2596,0.9120999999999999,91.21,0.0431,4.31,0.1272,7.99,14.57,16.61,346.33,1013.0661008710013,0.0,,,,
blob_samp_order,4,order,arc-c,arc-c,ood,0.2587,0.9147,91.47,0.042800000000000005,4.28,0.1269,86.44,14.59,16.67,346.33,1013.0661008710013,10.0,,,,
blob_mean_order,4,order,mmlu_science_high,mmlu_science_high,ood,0.5539,0.8193,81.93,0.0692,6.92,0.2608,5.98,14.79,18.03,346.33,1013.0661008710013,0.0,,,,
blob_samp_order,4,order,mmlu_science_high,mmlu_science_high,ood,0.5516,0.8208,82.08,0.0623,6.23,0.2596,63.66,14.81,18.1,346.33,1013.0661008710013,10.0,,,,
blob_mean_order,4,order,mmlu_science_college,mmlu_science_college,ood,0.7639,0.7399,73.99,0.08449999999999999,8.45,0.3631,3.05,14.74,18.1,346.33,1013.0661008710013,0.0,,,,
blob_samp_order,4,order,mmlu_science_college,mmlu_science_college,ood,0.7647,0.7486,74.86,0.0732,7.32,0.363,32.81,14.76,16.6,346.33,1013.0661008710013,10.0,,,,
blob_mean_order,4,order,gpqa_main,gpqa_main,ood,1.5987,0.3594,35.94,0.2155,21.55,0.7922,7.97,15.11,19.49,346.33,1013.0661008710013,0.0,,,,
blob_samp_order,4,order,gpqa_main,gpqa_main,ood,1.6004,0.3504,35.04,0.2144,21.44,0.7926,86.85,15.14,19.64,346.33,1013.0661008710013,10.0,,,,
ensemble_order,0,order,scienceqa_closedchoice_grade2_11,iid,test,0.156,0.9423,94.23,0.030699999999999998,3.07,0.0803,58.12,17.73,24.95,5261.063974451001,277.85858110200206,,5.0,"0,1,2,3,4",,
ensemble_order,0,order,scienceqa_closedchoice_grade12,grade12,ood,0.3041,0.9323,93.23,0.0473,4.73,0.1053,13.97,16.56,24.95,5261.063974451001,277.85858110200206,,5.0,"0,1,2,3,4",,
ensemble_order,0,order,obqa,obqa,ood,0.4769,0.878,87.8,0.07519999999999999,7.52,0.1854,16.44,17.12,19.32,5261.063974451001,277.85858110200206,,5.0,"0,1,2,3,4",,
ensemble_order,0,order,arc-c,arc-c,ood,0.3751,0.9181,91.81,0.06,6.0,0.1404,43.8,17.38,23.14,5261.063974451001,277.85858110200206,,5.0,"0,1,2,3,4",,
ensemble_order,0,order,mmlu_science_high,mmlu_science_high,ood,0.7542,0.8101999999999999,81.02,0.12279999999999999,12.28,0.2914,36.82,18.47,23.14,5261.063974451001,277.85858110200206,,5.0,"0,1,2,3,4",,
ensemble_order,0,order,mmlu_science_college,mmlu_science_college,ood,1.0187,0.7428,74.28,0.1396,13.96,0.4041,20.03,16.97,22.51,5261.063974451001,277.85858110200206,,5.0,"0,1,2,3,4",,
ensemble_order,0,order,gpqa_main,gpqa_main,ood,1.9346,0.3705,37.05,0.324,32.4,0.877,45.81,20.33,26.49,5261.063974451001,277.85858110200206,,5.0,"0,1,2,3,4",,
ensemble_order,1,order,scienceqa_closedchoice_grade2_11,iid,test,0.1579,0.9409000000000001,94.09,0.0319,3.19,0.0826,57.28,17.73,24.95,4952.835779344983,276.84174828500545,,5.0,"5,6,7,8,9",,
ensemble_order,1,order,scienceqa_closedchoice_grade12,grade12,ood,0.2939,0.9355,93.55,0.0513,5.13,0.1089,13.97,16.56,24.95,4952.835779344983,276.84174828500545,,5.0,"5,6,7,8,9",,
ensemble_order,1,order,obqa,obqa,ood,0.4894,0.884,88.4,0.0729,7.29,0.1842,16.68,17.12,19.32,4952.835779344983,276.84174828500545,,5.0,"5,6,7,8,9",,
ensemble_order,1,order,arc-c,arc-c,ood,0.388,0.9164,91.64,0.061799999999999994,6.18,0.1427,44.87,17.38,23.14,4952.835779344983,276.84174828500545,,5.0,"5,6,7,8,9",,
ensemble_order,1,order,mmlu_science_high,mmlu_science_high,ood,0.7978,0.8057,80.57,0.12960000000000002,12.96,0.3015,37.54,18.47,23.14,4952.835779344983,276.84174828500545,,5.0,"5,6,7,8,9",,
ensemble_order,1,order,mmlu_science_college,mmlu_science_college,ood,1.0536,0.7399,73.99,0.1549,15.49,0.4085,20.2,16.97,22.51,4952.835779344983,276.84174828500545,,5.0,"5,6,7,8,9",,
ensemble_order,1,order,gpqa_main,gpqa_main,ood,1.9587,0.3728,37.28,0.3369,33.69,0.8847,45.28,20.33,26.49,4952.835779344983,276.84174828500545,,5.0,"5,6,7,8,9",,
ensemble_order,2,order,scienceqa_closedchoice_grade2_11,iid,test,0.1648,0.9404,94.04,0.032799999999999996,3.28,0.0846,57.3,17.73,24.95,5220.489651042983,279.17535243601014,,5.0,"10,11,12,13,14",,
ensemble_order,2,order,scienceqa_closedchoice_grade12,grade12,ood,0.313,0.9355,93.55,0.0579,5.79,0.1086,14.41,16.56,24.95,5220.489651042983,279.17535243601014,,5.0,"10,11,12,13,14",,
ensemble_order,2,order,obqa,obqa,ood,0.5108,0.882,88.2,0.07730000000000001,7.73,0.1889,16.71,17.12,19.32,5220.489651042983,279.17535243601014,,5.0,"10,11,12,13,14",,
ensemble_order,2,order,arc-c,arc-c,ood,0.4022,0.9164,91.64,0.06559999999999999,6.56,0.1443,44.29,17.38,23.14,5220.489651042983,279.17535243601014,,5.0,"10,11,12,13,14",,
ensemble_order,2,order,mmlu_science_high,mmlu_science_high,ood,0.8108,0.8133,81.33,0.1294,12.94,0.2982,37.58,18.47,23.14,5220.489651042983,279.17535243601014,,5.0,"10,11,12,13,14",,
ensemble_order,2,order,mmlu_science_college,mmlu_science_college,ood,1.0639,0.7486,74.86,0.1524,15.24,0.4046,20.21,16.97,22.51,5220.489651042983,279.17535243601014,,5.0,"10,11,12,13,14",,
ensemble_order,2,order,gpqa_main,gpqa_main,ood,1.9754,0.3616,36.16,0.33659999999999995,33.66,0.8887,45.5,20.33,26.49,5220.489651042983,279.17535243601014,,5.0,"10,11,12,13,14",,
ensemble_order,3,order,scienceqa_closedchoice_grade2_11,iid,test,0.1603,0.9433,94.33,0.0315,3.15,0.0831,63.06,17.73,24.95,4736.006720457997,306.5949302270019,,5.0,"15,16,17,18,19",,
ensemble_order,3,order,scienceqa_closedchoice_grade12,grade12,ood,0.2962,0.9355,93.55,0.049100000000000005,4.91,0.1096,15.74,16.56,24.95,4736.006720457997,306.5949302270019,,5.0,"15,16,17,18,19",,
ensemble_order,3,order,obqa,obqa,ood,0.4995,0.89,89.0,0.0783,7.83,0.1905,19.07,17.12,19.32,4736.006720457997,306.5949302270019,,5.0,"15,16,17,18,19",,
ensemble_order,3,order,arc-c,arc-c,ood,0.3991,0.9138,91.38,0.0645,6.45,0.145,50.01,17.38,23.14,4736.006720457997,306.5949302270019,,5.0,"15,16,17,18,19",,
ensemble_order,3,order,mmlu_science_high,mmlu_science_high,ood,0.7862,0.8117,81.17,0.1222,12.22,0.2957,42.88,18.47,23.14,4736.006720457997,306.5949302270019,,5.0,"15,16,17,18,19",,
ensemble_order,3,order,mmlu_science_college,mmlu_science_college,ood,1.0416,0.737,73.7,0.1551,15.51,0.4111,23.06,16.97,22.51,4736.006720457997,306.5949302270019,,5.0,"15,16,17,18,19",,
ensemble_order,3,order,gpqa_main,gpqa_main,ood,1.9637,0.3616,36.16,0.3298,32.98,0.8853,52.24,20.33,26.49,4736.006720457997,306.5949302270019,,5.0,"15,16,17,18,19",,
ensemble_order,4,order,scienceqa_closedchoice_grade2_11,iid,test,0.1501,0.9409000000000001,94.09,0.0318,3.18,0.0793,68.52,17.73,24.95,4667.857626301993,327.27117715500935,,5.0,"20,21,22,23,24",,
ensemble_order,4,order,scienceqa_closedchoice_grade12,grade12,ood,0.2791,0.9323,93.23,0.0493,4.93,0.1009,17.21,16.56,24.95,4667.857626301993,327.27117715500935,,5.0,"20,21,22,23,24",,
ensemble_order,4,order,obqa,obqa,ood,0.4835,0.872,87.2,0.0805,8.05,0.1905,20.66,17.12,19.32,4667.857626301993,327.27117715500935,,5.0,"20,21,22,23,24",,
ensemble_order,4,order,arc-c,arc-c,ood,0.3993,0.9206,92.06,0.064,6.4,0.1429,54.05,17.38,23.14,4667.857626301993,327.27117715500935,,5.0,"20,21,22,23,24",,
ensemble_order,4,order,mmlu_science_high,mmlu_science_high,ood,0.791,0.8133,81.33,0.12390000000000001,12.39,0.2996,43.63,18.47,23.14,4667.857626301993,327.27117715500935,,5.0,"20,21,22,23,24",,
ensemble_order,4,order,mmlu_science_college,mmlu_science_college,ood,1.054,0.7399,73.99,0.1474,14.74,0.4101,24.65,16.97,22.51,4667.857626301993,327.27117715500935,,5.0,"20,21,22,23,24",,
ensemble_order,4,order,gpqa_main,gpqa_main,ood,1.9491,0.3638,36.38,0.3264,32.64,0.8762,55.98,20.33,26.49,4667.857626301993,327.27117715500935,,5.0,"20,21,22,23,24",,
map_order,0,order,scienceqa_closedchoice_grade2_11,iid,test,0.1963,0.9375,93.75,0.0416,4.16,0.0941,12.13,17.74,24.76,1001.970090965,72.4397953810003,,,,,
map_order,0,order,scienceqa_closedchoice_grade12,grade12,ood,0.3454,0.9323,93.23,0.056799999999999996,5.68,0.1199,2.65,16.56,24.76,1001.970090965,72.4397953810003,,,,,
map_order,0,order,obqa,obqa,ood,0.5814,0.858,85.8,0.1038,10.38,0.2218,3.18,17.12,19.32,1001.970090965,72.4397953810003,,,,,
map_order,0,order,arc-c,arc-c,ood,0.4169,0.9155,91.55,0.0672,6.72,0.1501,8.75,17.39,23.14,1001.970090965,72.4397953810003,,,,,
map_order,0,order,mmlu_science_high,mmlu_science_high,ood,0.8085,0.7967,79.67,0.1465,14.65,0.3162,7.92,18.47,23.14,1001.970090965,72.4397953810003,,,,,
map_order,0,order,mmlu_science_college,mmlu_science_college,ood,1.0219,0.7399,73.99,0.1552,15.52,0.4048,4.03,16.97,22.51,1001.970090965,72.4397953810003,,,,,
map_order,0,order,gpqa_main,gpqa_main,ood,1.9431,0.3549,35.49,0.34509999999999996,34.51,0.8899,9.03,20.33,26.49,1001.970090965,72.4397953810003,,,,,
map_order,1,order,scienceqa_closedchoice_grade2_11,iid,test,0.1761,0.9443,94.43,0.0337,3.37,0.0827,11.85,17.74,24.76,1077.9850293239997,73.55731632900097,,,,,
map_order,1,order,scienceqa_closedchoice_grade12,grade12,ood,0.3197,0.9451999999999999,94.52,0.053099999999999994,5.31,0.1007,2.75,16.56,24.76,1077.9850293239997,73.55731632900097,,,,,
map_order,1,order,obqa,obqa,ood,0.5539,0.884,88.4,0.0908,9.08,0.1989,3.32,17.12,19.32,1077.9850293239997,73.55731632900097,,,,,
map_order,1,order,arc-c,arc-c,ood,0.4082,0.9231999999999999,92.32,0.0629,6.29,0.139,8.85,17.39,23.14,1077.9850293239997,73.55731632900097,,,,,
map_order,1,order,mmlu_science_high,mmlu_science_high,ood,0.8566,0.8133,81.33,0.1334,13.34,0.3072,7.6,18.47,23.14,1077.9850293239997,73.55731632900097,,,,,
map_order,1,order,mmlu_science_college,mmlu_science_college,ood,1.1055,0.7341,73.41,0.17739999999999997,17.74,0.4261,3.93,16.97,22.51,1077.9850293239997,73.55731632900097,,,,,
map_order,1,order,gpqa_main,gpqa_main,ood,2.035,0.3661,36.61,0.3407,34.07,0.8948,8.72,20.33,26.49,1077.9850293239997,73.55731632900097,,,,,
map_order,2,order,scienceqa_closedchoice_grade2_11,iid,test,0.1803,0.9423,94.23,0.0359,3.59,0.0853,13.64,17.74,24.76,1021.9537413929993,81.98683110999991,,,,,
map_order,2,order,scienceqa_closedchoice_grade12,grade12,ood,0.3463,0.9323,93.23,0.0571,5.71,0.1167,3.61,16.56,24.76,1021.9537413929993,81.98683110999991,,,,,
map_order,2,order,obqa,obqa,ood,0.5609,0.88,88.0,0.0891,8.91,0.2037,4.04,17.12,19.32,1021.9537413929993,81.98683110999991,,,,,
map_order,2,order,arc-c,arc-c,ood,0.4156,0.9164,91.64,0.0664,6.64,0.1457,10.53,17.39,23.14,1021.9537413929993,81.98683110999991,,,,,
map_order,2,order,mmlu_science_high,mmlu_science_high,ood,0.8231,0.8162999999999999,81.63,0.128,12.8,0.3027,9.14,18.47,23.14,1021.9537413929993,81.98683110999991,,,,,
map_order,2,order,mmlu_science_college,mmlu_science_college,ood,1.0996,0.7312000000000001,73.12,0.1589,15.89,0.4172,4.44,16.97,22.51,1021.9537413929993,81.98683110999991,,,,,
map_order,2,order,gpqa_main,gpqa_main,ood,1.9848,0.3728,37.28,0.3197,31.97,0.8889,10.23,20.33,26.49,1021.9537413929993,81.98683110999991,,,,,
map_order,3,order,scienceqa_closedchoice_grade2_11,iid,test,0.1881,0.9443,94.43,0.035699999999999996,3.57,0.0864,13.45,17.74,24.76,1058.2935941249998,78.79617509800119,,,,,
map_order,3,order,scienceqa_closedchoice_grade12,grade12,ood,0.3411,0.9323,93.23,0.059699999999999996,5.97,0.1202,3.31,16.56,24.76,1058.2935941249998,78.79617509800119,,,,,
map_order,3,order,obqa,obqa,ood,0.5492,0.884,88.4,0.0922,9.22,0.2013,3.77,17.12,19.32,1058.2935941249998,78.79617509800119,,,,,
map_order,3,order,arc-c,arc-c,ood,0.4229,0.9120999999999999,91.21,0.0719,7.19,0.1525,10.24,17.39,23.14,1058.2935941249998,78.79617509800119,,,,,
map_order,3,order,mmlu_science_high,mmlu_science_high,ood,0.8076,0.8117,81.17,0.1309,13.09,0.3016,8.45,18.47,23.14,1058.2935941249998,78.79617509800119,,,,,
map_order,3,order,mmlu_science_college,mmlu_science_college,ood,1.0384,0.7312000000000001,73.12,0.16519999999999999,16.52,0.4105,4.57,16.97,22.51,1058.2935941249998,78.79617509800119,,,,,
map_order,3,order,gpqa_main,gpqa_main,ood,1.9855,0.3728,37.28,0.3431,34.31,0.8962,10.21,20.33,26.49,1058.2935941249998,78.79617509800119,,,,,
map_order,4,order,scienceqa_closedchoice_grade2_11,iid,test,0.1997,0.9399,93.99,0.0403,4.03,0.0909,14.36,17.74,24.76,1100.861518644002,89.16272831000242,,,,,
map_order,4,order,scienceqa_closedchoice_grade12,grade12,ood,0.3424,0.9355,93.55,0.0652,6.52,0.1223,3.45,16.56,24.76,1100.861518644002,89.16272831000242,,,,,
map_order,4,order,obqa,obqa,ood,0.5769,0.8740000000000001,87.4,0.0946,9.46,0.2121,4.42,17.12,19.32,1100.861518644002,89.16272831000242,,,,,
map_order,4,order,arc-c,arc-c,ood,0.4352,0.9138,91.38,0.0702,7.02,0.1539,11.48,17.39,23.14,1100.861518644002,89.16272831000242,,,,,
map_order,4,order,mmlu_science_high,mmlu_science_high,ood,0.8051,0.8223,82.23,0.129,12.9,0.2988,9.56,18.47,23.14,1100.861518644002,89.16272831000242,,,,,
map_order,4,order,mmlu_science_college,mmlu_science_college,ood,1.0269,0.7312000000000001,73.12,0.15130000000000002,15.13,0.4158,5.06,16.97,22.51,1100.861518644002,89.16272831000242,,,,,
map_order,4,order,gpqa_main,gpqa_main,ood,1.9614,0.3504,35.04,0.3344,33.44,0.8841,11.36,20.33,26.49,1100.861518644002,89.16272831000242,,,,,
map_random,0,random,scienceqa_closedchoice_grade2_11,iid,test,0.1804,0.9451999999999999,94.52,0.0347,3.47,0.0856,12.38,17.74,24.76,1017.7378999400025,72.97840607400212,,,,,
map_random,0,random,scienceqa_closedchoice_grade12,grade12,ood,0.369,0.9323,93.23,0.0552,5.52,0.1177,2.97,16.56,24.76,1017.7378999400025,72.97840607400212,,,,,
map_random,0,random,obqa,obqa,ood,0.6438,0.8759999999999999,87.6,0.1013,10.13,0.2195,3.51,17.12,19.32,1017.7378999400025,72.97840607400212,,,,,
map_random,0,random,arc-c,arc-c,ood,0.451,0.9164,91.64,0.0706,7.06,0.1532,9.26,17.39,23.14,1017.7378999400025,72.97840607400212,,,,,
map_random,0,random,mmlu_science_high,mmlu_science_high,ood,0.8742,0.8042,80.42,0.1477,14.77,0.3175,7.78,18.47,23.14,1017.7378999400025,72.97840607400212,,,,,
map_random,0,random,mmlu_science_college,mmlu_science_college,ood,1.1547,0.7312000000000001,73.12,0.172,17.2,0.4339,4.17,16.97,22.51,1017.7378999400025,72.97840607400212,,,,,
map_random,0,random,gpqa_main,gpqa_main,ood,2.101,0.3661,36.61,0.3467,34.67,0.9103,9.52,20.33,26.49,1017.7378999400025,72.97840607400212,,,,,
map_random,1,random,scienceqa_closedchoice_grade2_11,iid,test,0.1917,0.9443,94.43,0.0361,3.61,0.0853,12.12,17.74,24.76,1006.495494068,71.81702422499802,,,,,
map_random,1,random,scienceqa_closedchoice_grade12,grade12,ood,0.346,0.9258,92.58,0.066,6.6,0.128,2.9,16.56,24.76,1006.495494068,71.81702422499802,,,,,
map_random,1,random,obqa,obqa,ood,0.6631,0.8740000000000001,87.4,0.1024,10.24,0.2266,3.49,17.12,19.32,1006.495494068,71.81702422499802,,,,,
map_random,1,random,arc-c,arc-c,ood,0.4774,0.9104000000000001,91.04,0.0766,7.66,0.1608,9.2,17.39,23.14,1006.495494068,71.81702422499802,,,,,
map_random,1,random,mmlu_science_high,mmlu_science_high,ood,0.8601,0.8087000000000001,80.87,0.13849999999999998,13.85,0.3131,7.75,18.47,23.14,1006.495494068,71.81702422499802,,,,,
map_random,1,random,mmlu_science_college,mmlu_science_college,ood,1.1059,0.7225,72.25,0.16690000000000002,16.69,0.4309,4.15,16.97,22.51,1006.495494068,71.81702422499802,,,,,
map_random,1,random,gpqa_main,gpqa_main,ood,2.0731,0.3661,36.61,0.3332,33.32,0.9038,9.33,20.33,26.49,1006.495494068,71.81702422499802,,,,,
map_random,2,random,scienceqa_closedchoice_grade2_11,iid,test,0.1862,0.9462,94.62,0.035699999999999996,3.57,0.0855,12.27,17.74,24.76,997.5108977260024,73.7126589440013,,,,,
map_random,2,random,scienceqa_closedchoice_grade12,grade12,ood,0.322,0.9387000000000001,93.87,0.059500000000000004,5.95,0.1155,2.75,16.56,24.76,997.5108977260024,73.7126589440013,,,,,
map_random,2,random,obqa,obqa,ood,0.6754,0.866,86.6,0.10880000000000001,10.88,0.2351,3.5,17.12,19.32,997.5108977260024,73.7126589440013,,,,,
map_random,2,random,arc-c,arc-c,ood,0.4797,0.9147,91.47,0.0759,7.59,0.1584,9.25,17.39,23.14,997.5108977260024,73.7126589440013,,,,,
map_random,2,random,mmlu_science_high,mmlu_science_high,ood,0.8942,0.8148000000000001,81.48,0.1369,13.69,0.3139,7.98,18.47,23.14,997.5108977260024,73.7126589440013,,,,,
map_random,2,random,mmlu_science_college,mmlu_science_college,ood,1.1663,0.7197,71.97,0.172,17.2,0.4384,4.08,16.97,22.51,997.5108977260024,73.7126589440013,,,,,
map_random,2,random,gpqa_main,gpqa_main,ood,2.1084,0.3594,35.94,0.36340000000000006,36.34,0.916,9.32,20.33,26.49,997.5108977260024,73.7126589440013,,,,,
map_random,3,random,scienceqa_closedchoice_grade2_11,iid,test,0.1777,0.9476,94.76,0.0327,3.27,0.0802,12.21,17.74,24.76,995.8687731009995,76.06505560499863,,,,,
map_random,3,random,scienceqa_closedchoice_grade12,grade12,ood,0.3587,0.9355,93.55,0.056100000000000004,5.61,0.1158,2.91,16.56,24.76,995.8687731009995,76.06505560499863,,,,,
map_random,3,random,obqa,obqa,ood,0.6731,0.8640000000000001,86.4,0.1116,11.16,0.238,3.48,17.12,19.32,995.8687731009995,76.06505560499863,,,,,
map_random,3,random,arc-c,arc-c,ood,0.4591,0.9164,91.64,0.0708,7.08,0.1556,9.29,17.39,23.14,995.8687731009995,76.06505560499863,,,,,
map_random,3,random,mmlu_science_high,mmlu_science_high,ood,0.8957,0.8027,80.27,0.1483,14.83,0.3259,7.78,18.47,23.14,995.8687731009995,76.06505560499863,,,,,
map_random,3,random,mmlu_science_college,mmlu_science_college,ood,1.1177,0.7225,72.25,0.1766,17.66,0.4384,4.16,16.97,22.51,995.8687731009995,76.06505560499863,,,,,
map_random,3,random,gpqa_main,gpqa_main,ood,2.096,0.3616,36.16,0.36460000000000004,36.46,0.9253,9.46,20.33,26.49,995.8687731009995,76.06505560499863,,,,,
map_random,4,random,scienceqa_closedchoice_grade2_11,iid,test,0.1977,0.9423,94.23,0.0417,4.17,0.09,14.08,17.74,24.76,1115.540393149,84.5180772269996,,,,,
map_random,4,random,scienceqa_closedchoice_grade12,grade12,ood,0.3279,0.9387000000000001,93.87,0.051100000000000007,5.11,0.1043,3.38,16.56,24.76,1115.540393149,84.5180772269996,,,,,
map_random,4,random,obqa,obqa,ood,0.6565,0.866,86.6,0.1112,11.12,0.2361,4.4,17.12,19.32,1115.540393149,84.5180772269996,,,,,
map_random,4,random,arc-c,arc-c,ood,0.4516,0.9172,91.72,0.0702,7.02,0.1526,11.0,17.39,23.14,1115.540393149,84.5180772269996,,,,,
map_random,4,random,mmlu_science_high,mmlu_science_high,ood,0.9144,0.8057,80.57,0.1524,15.24,0.3323,9.22,18.47,23.14,1115.540393149,84.5180772269996,,,,,
map_random,4,random,mmlu_science_college,mmlu_science_college,ood,1.1787,0.711,71.1,0.1869,18.69,0.4508,4.96,16.97,22.51,1115.540393149,84.5180772269996,,,,,
map_random,4,random,gpqa_main,gpqa_main,ood,2.0711,0.3482,34.82,0.3583,35.83,0.9167,11.2,20.33,26.49,1115.540393149,84.5180772269996,,,,,
map_reverse,0,reverse,scienceqa_closedchoice_grade2_11,iid,test,0.1726,0.951,95.1,0.03,3.0,0.0774,14.59,17.74,24.76,1142.1481415770031,88.57826475399997,,,,,
map_reverse,0,reverse,scienceqa_closedchoice_grade12,grade12,ood,0.355,0.9129,91.29,0.0727,7.27,0.1321,3.61,16.56,24.76,1142.1481415770031,88.57826475399997,,,,,
map_reverse,0,reverse,obqa,obqa,ood,0.6205,0.8759999999999999,87.6,0.09179999999999999,9.18,0.2202,4.37,17.12,19.32,1142.1481415770031,88.57826475399997,,,,,
map_reverse,0,reverse,arc-c,arc-c,ood,0.41,0.9240999999999999,92.41,0.0644,6.44,0.1413,11.37,17.39,23.14,1142.1481415770031,88.57826475399997,,,,,
map_reverse,0,reverse,mmlu_science_high,mmlu_science_high,ood,0.8359,0.8193,81.93,0.1263,12.63,0.3048,9.31,18.47,23.14,1142.1481415770031,88.57826475399997,,,,,
map_reverse,0,reverse,mmlu_science_college,mmlu_science_college,ood,1.1483,0.7168000000000001,71.68,0.1791,17.91,0.433,5.08,16.97,22.51,1142.1481415770031,88.57826475399997,,,,,
map_reverse,0,reverse,gpqa_main,gpqa_main,ood,2.0155,0.3482,34.82,0.34759999999999996,34.76,0.8914,11.65,20.33,26.49,1142.1481415770031,88.57826475399997,,,,,
map_reverse,1,reverse,scienceqa_closedchoice_grade2_11,iid,test,0.1769,0.9472,94.72,0.032,3.2,0.0788,15.72,17.74,24.76,1205.8251285810002,94.63570971300214,,,,,
map_reverse,1,reverse,scienceqa_closedchoice_grade12,grade12,ood,0.3214,0.9484,94.84,0.0506,5.06,0.0992,3.9,16.56,24.76,1205.8251285810002,94.63570971300214,,,,,
map_reverse,1,reverse,obqa,obqa,ood,0.6015,0.88,88.0,0.0942,9.42,0.2163,4.49,17.12,19.32,1205.8251285810002,94.63570971300214,,,,,
map_reverse,1,reverse,arc-c,arc-c,ood,0.4404,0.9155,91.55,0.0691,6.91,0.1509,12.02,17.39,23.14,1205.8251285810002,94.63570971300214,,,,,
map_reverse,1,reverse,mmlu_science_high,mmlu_science_high,ood,0.8384,0.8162999999999999,81.63,0.1368,13.68,0.3068,10.48,18.47,23.14,1205.8251285810002,94.63570971300214,,,,,
map_reverse,1,reverse,mmlu_science_college,mmlu_science_college,ood,1.1165,0.7283,72.83,0.19149999999999998,19.15,0.4329,5.53,16.97,22.51,1205.8251285810002,94.63570971300214,,,,,
map_reverse,1,reverse,gpqa_main,gpqa_main,ood,2.026,0.35710000000000003,35.71,0.354,35.4,0.8989,12.17,20.33,26.49,1205.8251285810002,94.63570971300214,,,,,
map_reverse,2,reverse,scienceqa_closedchoice_grade2_11,iid,test,0.1562,0.9515,95.15,0.0271,2.71,0.07,12.65,17.74,24.76,1027.7777820970005,77.85540842199771,,,,,
map_reverse,2,reverse,scienceqa_closedchoice_grade12,grade12,ood,0.3577,0.9355,93.55,0.0576,5.76,0.1176,3.0,16.56,24.76,1027.7777820970005,77.85540842199771,,,,,
map_reverse,2,reverse,obqa,obqa,ood,0.6301,0.8740000000000001,87.4,0.09390000000000001,9.39,0.2214,3.62,17.12,19.32,1027.7777820970005,77.85540842199771,,,,,
map_reverse,2,reverse,arc-c,arc-c,ood,0.4614,0.9231999999999999,92.32,0.0684,6.84,0.1466,9.51,17.39,23.14,1027.7777820970005,77.85540842199771,,,,,
map_reverse,2,reverse,mmlu_science_high,mmlu_science_high,ood,0.8918,0.8117,81.17,0.14029999999999998,14.03,0.3077,8.02,18.47,23.14,1027.7777820970005,77.85540842199771,,,,,
map_reverse,2,reverse,mmlu_science_college,mmlu_science_college,ood,1.1701,0.7341,73.41,0.1629,16.29,0.4211,4.31,16.97,22.51,1027.7777820970005,77.85540842199771,,,,,
map_reverse,2,reverse,gpqa_main,gpqa_main,ood,2.0845,0.3638,36.38,0.3346,33.46,0.8921,9.66,20.33,26.49,1027.7777820970005,77.85540842199771,,,,,
map_reverse,3,reverse,scienceqa_closedchoice_grade2_11,iid,test,0.1595,0.9490999999999999,94.91,0.029500000000000002,2.95,0.0761,12.39,17.74,24.76,1005.1063646879993,78.02707047500007,,,,,
map_reverse,3,reverse,scienceqa_closedchoice_grade12,grade12,ood,0.3202,0.9323,93.23,0.0605,6.05,0.1155,2.97,16.56,24.76,1005.1063646879993,78.02707047500007,,,,,
map_reverse,3,reverse,obqa,obqa,ood,0.5592,0.882,88.2,0.0943,9.43,0.215,3.6,17.12,19.32,1005.1063646879993,78.02707047500007,,,,,
map_reverse,3,reverse,arc-c,arc-c,ood,0.4384,0.9189,91.89,0.0692,6.92,0.1483,9.31,17.39,23.14,1005.1063646879993,78.02707047500007,,,,,
map_reverse,3,reverse,mmlu_science_high,mmlu_science_high,ood,0.8276,0.8268000000000001,82.68,0.12359999999999999,12.36,0.2943,7.78,18.47,23.14,1005.1063646879993,78.02707047500007,,,,,
map_reverse,3,reverse,mmlu_science_college,mmlu_science_college,ood,1.1877,0.7081000000000001,70.81,0.1894,18.94,0.4438,4.3,16.97,22.51,1005.1063646879993,78.02707047500007,,,,,
map_reverse,3,reverse,gpqa_main,gpqa_main,ood,2.0295,0.34600000000000003,34.6,0.35609999999999997,35.61,0.8953,9.49,20.33,26.49,1005.1063646879993,78.02707047500007,,,,,
map_reverse,4,reverse,scienceqa_closedchoice_grade2_11,iid,test,0.1718,0.9438,94.38,0.036000000000000004,3.6,0.0836,12.37,17.74,24.76,1014.5452342400022,74.49023194799884,,,,,
map_reverse,4,reverse,scienceqa_closedchoice_grade12,grade12,ood,0.3003,0.9451999999999999,94.52,0.051100000000000007,5.11,0.102,2.92,16.56,24.76,1014.5452342400022,74.49023194799884,,,,,
map_reverse,4,reverse,obqa,obqa,ood,0.5807,0.8759999999999999,87.6,0.0955,9.55,0.2165,3.57,17.12,19.32,1014.5452342400022,74.49023194799884,,,,,
map_reverse,4,reverse,arc-c,arc-c,ood,0.4379,0.9087000000000001,90.87,0.07440000000000001,7.44,0.1558,9.44,17.39,23.14,1014.5452342400022,74.49023194799884,,,,,
map_reverse,4,reverse,mmlu_science_high,mmlu_science_high,ood,0.818,0.8162999999999999,81.63,0.1274,12.74,0.3038,7.8,18.47,23.14,1014.5452342400022,74.49023194799884,,,,,
map_reverse,4,reverse,mmlu_science_college,mmlu_science_college,ood,1.0919,0.7312000000000001,73.12,0.1656,16.56,0.4172,4.2,16.97,22.51,1014.5452342400022,74.49023194799884,,,,,
map_reverse,4,reverse,gpqa_main,gpqa_main,ood,1.9967,0.3638,36.38,0.3346,33.46,0.8876,9.68,20.33,26.49,1014.5452342400022,74.49023194799884,,,,,
laplace_order,0,order,scienceqa_closedchoice_grade2_11,iid,test,0.1332,0.938,93.8,0.011899999999999999,1.19,0.0815,449.72,44.68,94.19,18.66,1239.92,,,,,
laplace_order,0,order,scienceqa_closedchoice_grade12,grade12,ood,0.248,0.9323,93.23,0.0509,5.09,0.1225,71.3,38.33,79.1,18.66,1239.92,,,,,
laplace_order,0,order,obqa,obqa,ood,0.4013,0.866,86.6,0.0417,4.17,0.1854,110.93,33.89,79.1,18.66,1239.92,,,,,
laplace_order,0,order,arc-c,arc-c,ood,0.2763,0.9138,91.38,0.0395,3.95,0.1274,256.84,47.25,94.25,18.66,1239.92,,,,,
laplace_order,0,order,mmlu_science_high,mmlu_science_high,ood,0.6067,0.8042,80.42,0.067,6.7,0.2725,149.2,49.5,94.23,18.66,1239.92,,,,,
laplace_order,0,order,mmlu_science_college,mmlu_science_college,ood,0.8436,0.7283,72.83,0.0958,9.58,0.3789,78.73,46.15,94.16,18.66,1239.92,,,,,
laplace_order,0,order,gpqa_main,gpqa_main,ood,1.6673,0.3616,36.16,0.2302,23.02,0.8048,104.54,64.0,94.26,18.66,1239.92,,,,,
laplace_order,1,order,scienceqa_closedchoice_grade2_11,iid,test,0.1244,0.9451999999999999,94.52,0.009399999999999999,0.94,0.0735,445.72,48.16,94.13,710.63,1929.27,,,,,
laplace_order,1,order,scienceqa_closedchoice_grade12,grade12,ood,0.2153,0.9484,94.84,0.0565,5.65,0.1071,71.07,41.8,82.46,710.63,1929.27,,,,,
laplace_order,1,order,obqa,obqa,ood,0.3797,0.8859999999999999,88.6,0.0338,3.38,0.1755,110.49,37.37,82.46,710.63,1929.27,,,,,
laplace_order,1,order,arc-c,arc-c,ood,0.2709,0.9224,92.24,0.0273,2.73,0.1227,256.75,50.73,94.23,710.63,1929.27,,,,,
laplace_order,1,order,mmlu_science_high,mmlu_science_high,ood,0.597,0.8193,81.93,0.0727,7.27,0.2693,150.04,52.99,94.2,710.63,1929.27,,,,,
laplace_order,1,order,mmlu_science_college,mmlu_science_college,ood,0.8393,0.7283,72.83,0.1002,10.02,0.3786,79.55,49.62,94.21,710.63,1929.27,,,,,
laplace_order,1,order,gpqa_main,gpqa_main,ood,1.6702,0.3772,37.72,0.2259,22.59,0.7961,105.02,67.47,94.24,710.63,1929.27,,,,,
laplace_order,2,order,scienceqa_closedchoice_grade2_11,iid,test,0.1302,0.9433,94.33,0.011200000000000002,1.12,0.0763,454.08,48.16,94.13,717.91,1954.6299999999999,,,,,
laplace_order,2,order,scienceqa_closedchoice_grade12,grade12,ood,0.2437,0.9355,93.55,0.0572,5.72,0.1226,72.12,41.8,82.46,717.91,1954.6299999999999,,,,,
laplace_order,2,order,obqa,obqa,ood,0.3839,0.88,88.0,0.0229,2.29,0.1773,112.31,37.37,82.46,717.91,1954.6299999999999,,,,,
laplace_order,2,order,arc-c,arc-c,ood,0.2669,0.9164,91.64,0.023799999999999998,2.38,0.1232,262.93,50.73,94.23,717.91,1954.6299999999999,,,,,
laplace_order,2,order,mmlu_science_high,mmlu_science_high,ood,0.6064,0.8117,81.17,0.0592,5.92,0.2677,150.93,52.99,94.2,717.91,1954.6299999999999,,,,,
laplace_order,2,order,mmlu_science_college,mmlu_science_college,ood,0.8426,0.7283,72.83,0.085,8.5,0.381,79.52,49.62,94.21,717.91,1954.6299999999999,,,,,
laplace_order,2,order,gpqa_main,gpqa_main,ood,1.6806,0.3594,35.94,0.215,21.5,0.8102,104.83,67.47,94.24,717.91,1954.6299999999999,,,,,
laplace_order,3,order,scienceqa_closedchoice_grade2_11,iid,test,0.1342,0.9438,94.38,0.0127,1.27,0.0774,446.96,48.16,94.13,717.62,1937.3,,,,,
laplace_order,3,order,scienceqa_closedchoice_grade12,grade12,ood,0.2334,0.9323,93.23,0.0479,4.79,0.1189,70.99,41.8,82.46,717.62,1937.3,,,,,
laplace_order,3,order,obqa,obqa,ood,0.377,0.88,88.0,0.0338,3.38,0.1751,112.11,37.37,82.46,717.62,1937.3,,,,,
laplace_order,3,order,arc-c,arc-c,ood,0.2677,0.9113,91.13,0.0383,3.83,0.1244,258.52,50.73,94.23,717.62,1937.3,,,,,
laplace_order,3,order,mmlu_science_high,mmlu_science_high,ood,0.6099,0.8072,80.72,0.0717,7.17,0.2731,148.67,52.99,94.2,717.62,1937.3,,,,,
laplace_order,3,order,mmlu_science_college,mmlu_science_college,ood,0.8419,0.7312000000000001,73.12,0.0901,9.01,0.3732,78.22,49.62,94.21,717.62,1937.3,,,,,
laplace_order,3,order,gpqa_main,gpqa_main,ood,1.7011,0.36829999999999996,36.83,0.2291,22.91,0.806,104.21,67.47,94.24,717.62,1937.3,,,,,
laplace_order,4,order,scienceqa_closedchoice_grade2_11,iid,test,0.141,0.9404,94.04,0.0159,1.59,0.081,456.14,48.16,94.13,721.58,1974.68,,,,,
laplace_order,4,order,scienceqa_closedchoice_grade12,grade12,ood,0.2256,0.9355,93.55,0.0481,4.81,0.1126,73.09,41.8,82.46,721.58,1974.68,,,,,
laplace_order,4,order,obqa,obqa,ood,0.4086,0.8759999999999999,87.6,0.0383,3.83,0.1836,113.15,37.37,82.46,721.58,1974.68,,,,,
laplace_order,4,order,arc-c,arc-c,ood,0.2802,0.9147,91.47,0.0298,2.98,0.1276,265.51,50.73,94.23,721.58,1974.68,,,,,
laplace_order,4,order,mmlu_science_high,mmlu_science_high,ood,0.6011,0.8223,82.23,0.065,6.5,0.2712,154.25,52.99,94.2,721.58,1974.68,,,,,
laplace_order,4,order,mmlu_science_college,mmlu_science_college,ood,0.8185,0.7254,72.54,0.0913,9.13,0.3768,82.23,49.62,94.21,721.58,1974.68,,,,,
laplace_order,4,order,gpqa_main,gpqa_main,ood,1.6836,0.35710000000000003,35.71,0.2305,23.05,0.8079,108.73,67.47,94.24,721.58,1974.68,,,,,
mcdrop_order,0,order,scienceqa_closedchoice_grade2_11,iid,test,0.1959,0.937,93.7,0.0407,4.07,0.0938,336.05,14.59,16.38,,1276.7645242979997,32.0,,,0.0012,
mcdrop_order,0,order,scienceqa_closedchoice_grade12,grade12,ood,0.3446,0.929,92.9,0.0661,6.61,0.1196,68.09,14.58,16.38,,1276.7645242979997,32.0,,,0.0018,
mcdrop_order,0,order,obqa,obqa,ood,0.5809,0.862,86.2,0.102,10.2,0.2227,73.93,14.38,15.74,,1276.7645242979997,32.0,,,0.0028,
mcdrop_order,0,order,arc-c,arc-c,ood,0.4169,0.9138,91.38,0.0681,6.81,0.1501,247.44,14.59,16.61,,1276.7645242979997,32.0,,,0.0012,
mcdrop_order,0,order,mmlu_science_high,mmlu_science_high,ood,0.8004,0.8012,80.12,0.14279999999999998,14.28,0.3131,183.32,14.82,18.01,,1276.7645242979997,32.0,,,0.0031,
mcdrop_order,0,order,mmlu_science_college,mmlu_science_college,ood,1.0221,0.737,73.7,0.1501,15.01,0.4054,94.24,14.77,18.01,,1276.7645242979997,32.0,,,0.004,
mcdrop_order,0,order,gpqa_main,gpqa_main,ood,1.9401,0.3661,36.61,0.3507,35.07,0.8899,248.62,15.16,19.5,,1276.7645242979997,32.0,,,0.0082,
mcdrop_order,1,order,scienceqa_closedchoice_grade2_11,iid,test,0.1753,0.9443,94.43,0.0337,3.37,0.083,315.04,14.59,16.38,,1194.2464291120123,32.0,,,0.0012,
mcdrop_order,1,order,scienceqa_closedchoice_grade12,grade12,ood,0.3216,0.9516,95.16,0.0521,5.21,0.0997,63.65,14.58,16.38,,1194.2464291120123,32.0,,,0.0012,
mcdrop_order,1,order,obqa,obqa,ood,0.5504,0.888,88.8,0.0894,8.94,0.1967,69.18,14.38,15.74,,1194.2464291120123,32.0,,,0.0026,
mcdrop_order,1,order,arc-c,arc-c,ood,0.406,0.9240999999999999,92.41,0.0641,6.41,0.1391,230.86,14.59,16.61,,1194.2464291120123,32.0,,,0.0014,
mcdrop_order,1,order,mmlu_science_high,mmlu_science_high,ood,0.8544,0.8148000000000001,81.48,0.13269999999999998,13.27,0.3071,170.43,14.82,18.01,,1194.2464291120123,32.0,,,0.0029,
mcdrop_order,1,order,mmlu_science_college,mmlu_science_college,ood,1.1061,0.737,73.7,0.1783,17.83,0.4259,88.49,14.77,18.01,,1194.2464291120123,32.0,,,0.0038,
mcdrop_order,1,order,gpqa_main,gpqa_main,ood,2.0338,0.3728,37.28,0.3549,35.49,0.8936,232.92,15.16,19.5,,1194.2464291120123,32.0,,,0.0081,
mcdrop_order,2,order,scienceqa_closedchoice_grade2_11,iid,test,0.1801,0.9423,94.23,0.0356,3.56,0.085,315.75,14.59,16.38,,1194.8931277679949,32.0,,,0.0013,
mcdrop_order,2,order,scienceqa_closedchoice_grade12,grade12,ood,0.3414,0.9355,93.55,0.0545,5.45,0.1153,63.73,14.58,16.38,,1194.8931277679949,32.0,,,0.0016,
mcdrop_order,2,order,obqa,obqa,ood,0.5619,0.878,87.8,0.0883,8.83,0.2049,69.19,14.38,15.74,,1194.8931277679949,32.0,,,0.0029,
mcdrop_order,2,order,arc-c,arc-c,ood,0.4163,0.9172,91.72,0.0645,6.45,0.1463,231.38,14.59,16.61,,1194.8931277679949,32.0,,,0.0014,
mcdrop_order,2,order,mmlu_science_high,mmlu_science_high,ood,0.8202,0.8178,81.78,0.1307,13.07,0.3012,170.6,14.82,18.01,,1194.8931277679949,32.0,,,0.0033,
mcdrop_order,2,order,mmlu_science_college,mmlu_science_college,ood,1.0997,0.7312000000000001,73.12,0.1598,15.98,0.4173,87.61,14.77,18.01,,1194.8931277679949,32.0,,,0.0044,
mcdrop_order,2,order,gpqa_main,gpqa_main,ood,1.9847,0.3705,37.05,0.3173,31.73,0.8904,231.49,15.16,19.5,,1194.8931277679949,32.0,,,0.0083,
mcdrop_order,3,order,scienceqa_closedchoice_grade2_11,iid,test,0.1871,0.9451999999999999,94.52,0.0352,3.52,0.0863,350.27,14.59,16.38,,1472.7489795759902,32.0,,,0.0014,
mcdrop_order,3,order,scienceqa_closedchoice_grade12,grade12,ood,0.344,0.9323,93.23,0.0613,6.13,0.1204,70.79,14.58,16.38,,1472.7489795759902,32.0,,,0.0015,
mcdrop_order,3,order,obqa,obqa,ood,0.5472,0.882,88.2,0.092,9.2,0.2018,76.83,14.38,15.74,,1472.7489795759902,32.0,,,0.0024,
mcdrop_order,3,order,arc-c,arc-c,ood,0.4219,0.9120999999999999,91.21,0.07200000000000001,7.2,0.1524,256.88,14.59,16.61,,1472.7489795759902,32.0,,,0.0011,
mcdrop_order,3,order,mmlu_science_high,mmlu_science_high,ood,0.805,0.8133,81.33,0.12710000000000002,12.71,0.3011,189.39,14.82,18.01,,1472.7489795759902,32.0,,,0.0036,
mcdrop_order,3,order,mmlu_science_college,mmlu_science_college,ood,1.0366,0.7312000000000001,73.12,0.15380000000000002,15.38,0.4107,97.43,14.77,18.01,,1472.7489795759902,32.0,,,0.0043,
mcdrop_order,3,order,gpqa_main,gpqa_main,ood,1.9824,0.3616,36.16,0.3436,34.36,0.8959,257.21,15.16,19.5,,1472.7489795759902,32.0,,,0.009,
mcdrop_order,4,order,scienceqa_closedchoice_grade2_11,iid,test,0.199,0.9399,93.99,0.039900000000000005,3.99,0.0906,341.48,14.59,16.38,,1532.505384728007,32.0,,,0.0012,
mcdrop_order,4,order,scienceqa_closedchoice_grade12,grade12,ood,0.3423,0.9355,93.55,0.0588,5.88,0.1222,69.07,14.58,16.38,,1532.505384728007,32.0,,,0.0012,
mcdrop_order,4,order,obqa,obqa,ood,0.5759,0.8740000000000001,87.4,0.0944,9.44,0.2116,74.85,14.38,15.74,,1532.505384728007,32.0,,,0.0024,
mcdrop_order,4,order,arc-c,arc-c,ood,0.4322,0.9138,91.38,0.0694,6.94,0.1533,250.19,14.59,16.61,,1532.505384728007,32.0,,,0.0012,
mcdrop_order,4,order,mmlu_science_high,mmlu_science_high,ood,0.8066,0.8193,81.93,0.12269999999999999,12.27,0.2985,184.46,14.82,18.01,,1532.505384728007,32.0,,,0.0029,
mcdrop_order,4,order,mmlu_science_college,mmlu_science_college,ood,1.0277,0.7283,72.83,0.1499,14.99,0.4151,94.66,14.77,18.01,,1532.505384728007,32.0,,,0.0042,
mcdrop_order,4,order,gpqa_main,gpqa_main,ood,1.9596,0.3504,35.04,0.344,34.4,0.8854,249.7,15.16,19.5,,1532.505384728007,32.0,,,0.009,
seq_constantq_order,0,order,scienceqa_closedchoice_grade2_11,iid,test,0.1385,0.9412999999999999,94.13,0.016399999999999998,1.64,0.0828,365.94,15.12,19.29,337.92,1837.675275640002,,,,,
seq_constantq_order,0,order,scienceqa_closedchoice_grade12,grade12,ood,0.2449,0.9258,92.58,0.0475,4.75,0.1318,72.13,15.12,19.29,337.92,1837.675275640002,,,,,
seq_constantq_order,0,order,obqa,obqa,ood,0.3592,0.87,87.0,0.030899999999999997,3.09,0.1821,91.91,14.93,16.87,337.92,1837.675275640002,,,,,
seq_constantq_order,0,order,arc-c,arc-c,ood,0.2367,0.9147,91.47,0.0197,1.97,0.1233,300.55,15.14,19.8,337.92,1837.675275640002,,,,,
seq_constantq_order,0,order,mmlu_science_high,mmlu_science_high,ood,0.5187,0.8133,81.33,0.0401,4.01,0.2583,227.2,15.36,19.86,337.92,1837.675275640002,,,,,
seq_constantq_order,0,order,mmlu_science_college,mmlu_science_college,ood,0.7088,0.711,71.1,0.0764,7.64,0.3632,115.08,15.31,19.86,337.92,1837.675275640002,,,,,
seq_constantq_order,0,order,gpqa_main,gpqa_main,ood,1.4821,0.3504,35.04,0.1929,19.29,0.7733,298.7,15.67,20.28,337.92,1837.675275640002,,,,,
seq_constantq_order,1,order,scienceqa_closedchoice_grade2_11,iid,test,0.1339,0.9433,94.33,0.0204,2.04,0.0786,459.68,15.13,19.29,258.45,1981.869307772009,,,,,
seq_constantq_order,1,order,scienceqa_closedchoice_grade12,grade12,ood,0.2332,0.9226000000000001,92.26,0.043,4.3,0.1286,93.9,15.12,19.29,258.45,1981.869307772009,,,,,
seq_constantq_order,1,order,obqa,obqa,ood,0.3362,0.884,88.4,0.0282,2.82,0.1701,102.25,14.93,16.87,258.45,1981.869307772009,,,,,
seq_constantq_order,1,order,arc-c,arc-c,ood,0.2277,0.9172,91.72,0.018500000000000003,1.85,0.1178,336.34,15.14,19.8,258.45,1981.869307772009,,,,,
seq_constantq_order,1,order,mmlu_science_high,mmlu_science_high,ood,0.5174,0.8193,81.93,0.042699999999999995,4.27,0.2553,246.87,15.36,19.86,258.45,1981.869307772009,,,,,
seq_constantq_order,1,order,mmlu_science_college,mmlu_science_college,ood,0.7162,0.7428,74.28,0.086,8.6,0.3638,126.01,15.31,19.86,258.45,1981.869307772009,,,,,
seq_constantq_order,1,order,gpqa_main,gpqa_main,ood,1.5083,0.35710000000000003,35.71,0.1909,19.09,0.779,335.62,15.67,20.28,258.45,1981.869307772009,,,,,
seq_constantq_order,2,order,scienceqa_closedchoice_grade2_11,iid,test,0.2193,0.9161,91.61,0.048499999999999995,4.85,0.1224,463.5,15.13,19.29,258.21,1988.9739381809923,,,,,
seq_constantq_order,2,order,scienceqa_closedchoice_grade12,grade12,ood,0.3178,0.871,87.1,0.0521,5.21,0.1909,94.05,15.12,19.29,258.21,1988.9739381809923,,,,,
seq_constantq_order,2,order,obqa,obqa,ood,0.4411,0.85,85.0,0.07629999999999999,7.63,0.2225,102.36,14.93,16.87,258.21,1988.9739381809923,,,,,
seq_constantq_order,2,order,arc-c,arc-c,ood,0.274,0.9061,90.61,0.049699999999999994,4.97,0.1352,337.37,15.14,19.8,258.21,1988.9739381809923,,,,,
seq_constantq_order,2,order,mmlu_science_high,mmlu_science_high,ood,0.5494,0.8117,81.17,0.0398,3.98,0.2763,247.2,15.36,19.86,258.21,1988.9739381809923,,,,,
seq_constantq_order,2,order,mmlu_science_college,mmlu_science_college,ood,0.7344,0.6936,69.36,0.0706,7.06,0.3812,126.24,15.31,19.86,258.21,1988.9739381809923,,,,,
seq_constantq_order,2,order,gpqa_main,gpqa_main,ood,1.4697,0.31920000000000004,31.92,0.1776,17.76,0.7774,336.1,15.67,20.28,258.21,1988.9739381809923,,,,,
seq_constantq_order,3,order,scienceqa_closedchoice_grade2_11,iid,test,0.1546,0.9409000000000001,94.09,0.031,3.1,0.0871,509.55,15.13,19.29,278.32,2192.585236772007,,,,,
seq_constantq_order,3,order,scienceqa_closedchoice_grade12,grade12,ood,0.2374,0.9194,91.94,0.0446,4.46,0.135,104.36,15.12,19.29,278.32,2192.585236772007,,,,,
seq_constantq_order,3,order,obqa,obqa,ood,0.3494,0.8859999999999999,88.6,0.0416,4.16,0.1784,113.59,14.93,16.87,278.32,2192.585236772007,,,,,
seq_constantq_order,3,order,arc-c,arc-c,ood,0.2334,0.9189,91.89,0.0225,2.25,0.1205,374.14,15.14,19.8,278.32,2192.585236772007,,,,,
seq_constantq_order,3,order,mmlu_science_high,mmlu_science_high,ood,0.5078,0.8238,82.38,0.044500000000000005,4.45,0.2556,274.59,15.36,19.86,278.32,2192.585236772007,,,,,
seq_constantq_order,3,order,mmlu_science_college,mmlu_science_college,ood,0.6943,0.711,71.1,0.042699999999999995,4.27,0.3597,140.01,15.31,19.86,278.32,2192.585236772007,,,,,
seq_constantq_order,3,order,gpqa_main,gpqa_main,ood,1.4606,0.3371,33.71,0.1685,16.85,0.7675,373.01,15.67,20.28,278.32,2192.585236772007,,,,,
seq_constantq_order,4,order,scienceqa_closedchoice_grade2_11,iid,test,0.1711,0.9331,93.31,0.0278,2.78,0.0973,510.85,15.13,19.29,283.65,2191.7104114589893,,,,,
seq_constantq_order,4,order,scienceqa_closedchoice_grade12,grade12,ood,0.254,0.9226000000000001,92.26,0.0509,5.09,0.1446,104.49,15.12,19.29,283.65,2191.7104114589893,,,,,
seq_constantq_order,4,order,obqa,obqa,ood,0.38,0.8640000000000001,86.4,0.0548,5.48,0.191,113.23,14.93,16.87,283.65,2191.7104114589893,,,,,
seq_constantq_order,4,order,arc-c,arc-c,ood,0.2453,0.9155,91.55,0.019799999999999998,1.98,0.1247,368.86,15.14,19.8,283.65,2191.7104114589893,,,,,
seq_constantq_order,4,order,mmlu_science_high,mmlu_science_high,ood,0.5145,0.8117,81.17,0.0265,2.65,0.261,270.86,15.36,19.86,283.65,2191.7104114589893,,,,,
seq_constantq_order,4,order,mmlu_science_college,mmlu_science_college,ood,0.6979,0.6879000000000001,68.79,0.0703,7.03,0.3642,138.33,15.31,19.86,283.65,2191.7104114589893,,,,,
seq_constantq_order,4,order,gpqa_main,gpqa_main,ood,1.4614,0.33039999999999997,33.04,0.17559999999999998,17.56,0.7679,367.25,15.67,20.28,283.65,2191.7104114589893,,,,,
official_tfblora_order,0,order,arc-c,arc-c,ood,0.3242,0.9104000000000001,91.04,0.0388,3.88,0.1406,169.55,16.56,17.38,0.2,174.87,10.0,,,,0.003188
official_tfblora_order,0,order,gpqa_main,gpqa_main,ood,1.5703,0.3594,35.94,0.222,22.2,0.793,145.94,17.74,18.33,0.2,153.41,10.0,,,,0.003188
official_tfblora_order,0,order,scienceqa_closedchoice_grade2_11,iid,test,0.1572,0.9389,93.89,0.0125,1.25,0.085,244.9,16.18,17.06,0.21,251.74,10.0,,,,0.003188
official_tfblora_order,0,order,mmlu_science_college,mmlu_science_college,ood,0.8125,0.7456999999999999,74.57,0.08650000000000001,8.65,0.3691,65.6,16.9,17.68,0.2,71.25,10.0,,,,0.003188
official_tfblora_order,0,order,mmlu_science_high,mmlu_science_high,ood,0.6172,0.8057,80.57,0.0766,7.66,0.2793,130.92,17.39,18.21,0.2,136.95,10.0,,,,0.003188
official_tfblora_order,0,order,obqa,obqa,ood,0.418,0.866,86.6,0.048799999999999996,4.88,0.1934,40.98,15.48,15.86,0.2,46.12,10.0,,,,0.003188
official_tfblora_order,0,order,scienceqa_closedchoice_grade12,grade12,ood,0.2559,0.9226000000000001,92.26,0.0443,4.43,0.1187,39.37,16.41,16.94,0.23,46.01,10.0,,,,0.003188
official_tfblora_order,1,order,arc-c,arc-c,ood,0.3086,0.9215000000000001,92.15,0.0366,3.66,0.1328,170.25,16.56,17.38,0.2,175.49,10.0,,,,0.003188
official_tfblora_order,1,order,gpqa_main,gpqa_main,ood,1.6875,0.3638,36.38,0.225,22.5,0.8086,145.02,17.74,18.33,0.23,150.26000000000002,10.0,,,,0.003188
official_tfblora_order,1,order,scienceqa_closedchoice_grade2_11,iid,test,0.1377,0.9472,94.72,0.0139,1.39,0.0747,243.36,16.18,17.06,0.22,248.38000000000002,10.0,,,,0.003188
official_tfblora_order,1,order,mmlu_science_college,mmlu_science_college,ood,0.8477,0.7283,72.83,0.1032,10.32,0.3887,65.5,16.9,17.68,0.23,71.13,10.0,,,,0.003188
official_tfblora_order,1,order,mmlu_science_high,mmlu_science_high,ood,0.6484,0.8117,81.17,0.07980000000000001,7.98,0.2812,131.79,17.39,18.21,0.2,137.48999999999998,10.0,,,,0.003188
official_tfblora_order,1,order,obqa,obqa,ood,0.4141,0.882,88.2,0.053099999999999994,5.31,0.1826,41.1,15.48,15.86,0.21,46.65,10.0,,,,0.003188
official_tfblora_order,1,order,scienceqa_closedchoice_grade12,grade12,ood,0.2637,0.9387000000000001,93.87,0.0483,4.83,0.1079,39.45,16.41,16.94,0.21,45.830000000000005,10.0,,,,0.003188
official_tfblora_order,2,order,arc-c,arc-c,ood,0.3086,0.9155,91.55,0.0263,2.63,0.1387,175.09,16.56,17.38,0.21,180.18,10.0,,,,0.003625
official_tfblora_order,2,order,gpqa_main,gpqa_main,ood,1.6406,0.3527,35.27,0.21359999999999998,21.36,0.7891,148.96,17.74,18.33,0.21,154.01000000000002,10.0,,,,0.003625
official_tfblora_order,2,order,scienceqa_closedchoice_grade2_11,iid,test,0.1562,0.9467,94.67,0.0147,1.47,0.0767,251.86,16.18,17.06,0.2,258.23,10.0,,,,0.003625
official_tfblora_order,2,order,mmlu_science_college,mmlu_science_college,ood,0.8594,0.7312000000000001,73.12,0.0895,8.95,0.3867,66.88,16.9,17.68,0.2,71.99,10.0,,,,0.003625
official_tfblora_order,2,order,mmlu_science_high,mmlu_science_high,ood,0.5938,0.8057,80.57,0.0599,5.99,0.2773,133.77,17.39,18.21,0.2,138.78,10.0,,,,0.003625
official_tfblora_order,2,order,obqa,obqa,ood,0.418,0.878,87.8,0.0387,3.87,0.1855,42.14,15.48,15.86,0.2,47.24,10.0,,,,0.003625
official_tfblora_order,2,order,scienceqa_closedchoice_grade12,grade12,ood,0.2773,0.929,92.9,0.0385,3.85,0.1211,40.48,16.41,16.94,0.21,45.879999999999995,10.0,,,,0.003625
official_tfblora_order,3,order,arc-c,arc-c,ood,0.3184,0.9120999999999999,91.21,0.0388,3.88,0.1406,172.17,16.56,17.38,0.21,177.33999999999997,10.0,,,,0.003188
official_tfblora_order,3,order,gpqa_main,gpqa_main,ood,1.6328,0.3705,37.05,0.22920000000000001,22.92,0.8047,143.07,17.74,18.33,0.2,148.13,10.0,,,,0.003188
official_tfblora_order,3,order,scienceqa_closedchoice_grade2_11,iid,test,0.1572,0.9438,94.38,0.0131,1.31,0.0801,247.68,16.18,17.06,0.21,252.83,10.0,,,,0.003188
official_tfblora_order,3,order,mmlu_science_college,mmlu_science_college,ood,0.875,0.7312000000000001,73.12,0.0965,9.65,0.3828,64.8,16.9,17.68,0.2,69.8,10.0,,,,0.003188
official_tfblora_order,3,order,mmlu_science_high,mmlu_science_high,ood,0.6172,0.8072,80.72,0.0709,7.09,0.2773,133.24,17.39,18.21,0.22,138.29000000000002,10.0,,,,0.003188
official_tfblora_order,3,order,obqa,obqa,ood,0.4082,0.88,88.0,0.046799999999999994,4.68,0.1846,41.29,15.48,15.86,0.2,46.15,10.0,,,,0.003188
official_tfblora_order,3,order,scienceqa_closedchoice_grade12,grade12,ood,0.2852,0.9355,93.55,0.042800000000000005,4.28,0.1211,39.85,16.41,16.94,0.2,44.870000000000005,10.0,,,,0.003188
official_tfblora_order,4,order,arc-c,arc-c,ood,0.332,0.9104000000000001,91.04,0.0388,3.88,0.1416,167.04,16.56,17.38,0.19,172.1,10.0,,,,0.003188
official_tfblora_order,4,order,gpqa_main,gpqa_main,ood,1.6797,0.3504,35.04,0.247,24.7,0.8203,143.62,17.74,18.33,0.2,148.88,10.0,,,,0.003188
official_tfblora_order,4,order,scienceqa_closedchoice_grade2_11,iid,test,0.1611,0.9412999999999999,94.13,0.0152,1.52,0.0835,240.96,16.18,17.06,0.21,247.94,10.0,,,,0.003188
official_tfblora_order,4,order,mmlu_science_college,mmlu_science_college,ood,0.8359,0.7312000000000001,73.12,0.08929999999999999,8.93,0.3867,64.72,16.9,17.68,0.23,70.64,10.0,,,,0.003188
official_tfblora_order,4,order,mmlu_science_high,mmlu_science_high,ood,0.6172,0.8133,81.33,0.0643,6.43,0.2852,128.62,17.39,18.21,0.21,134.56,10.0,,,,0.003188
official_tfblora_order,4,order,obqa,obqa,ood,0.4414,0.882,88.2,0.0478,4.78,0.1904,41.1,15.48,15.86,0.22,46.53,10.0,,,,0.003188
official_tfblora_order,4,order,scienceqa_closedchoice_grade12,grade12,ood,0.2715,0.9258,92.58,0.0391,3.91,0.1201,38.69,16.41,16.94,0.2,45.029999999999994,10.0,,,,0.003188
